City_ID,City,Country,Lat,Lng,Max Temp,Humidity,Cloudiness,Wind Speed,Current Weather,Date
0,Kirtipur,NP,27.67,85.28,73.4,94,40,5.82,scattered clouds,2020-08-30 15:39:58
1,Qaanaaq,GL,77.48,-69.36,33.22,78,0,6.08,clear sky,2020-08-30 15:39:58
2,Bethel,US,41.37,-73.41,71.01,60,75,10.29,broken clouds,2020-08-30 15:39:27
3,Huilong,CN,31.81,121.66,86.0,92,0,3.0,light rain,2020-08-30 15:39:58
4,Busselton,AU,-33.65,115.33,45.0,67,0,4.74,clear sky,2020-08-30 15:39:59
5,Saint Helens,GB,53.45,-2.73,63.0,51,40,6.93,scattered clouds,2020-08-30 15:39:59
6,Xining,CN,36.62,101.77,48.18,81,4,0.51,clear sky,2020-08-30 15:39:59
7,Grindavik,IS,63.84,-22.43,53.6,100,90,27.51,overcast clouds,2020-08-30 15:40:00
8,Bubaque,GW,11.28,-15.83,80.8,80,85,14.47,overcast clouds,2020-08-30 15:35:43
9,Atherton,GB,53.52,-2.49,63.0,45,97,1.99,overcast clouds,2020-08-30 15:35:37
10,Kuusamo,FI,65.97,29.18,57.2,47,86,3.36,overcast clouds,2020-08-30 15:40:00
11,North Bend,US,43.41,-124.22,55.99,81,1,4.7,clear sky,2020-08-30 15:40:00
12,Hermanus,ZA,-34.42,19.23,55.0,65,26,4.0,scattered clouds,2020-08-30 15:40:01
13,Moindou,NC,-21.69,165.68,57.2,82,48,3.2,scattered clouds,2020-08-30 15:40:01
14,San Patricio,MX,19.22,-104.7,78.8,100,90,1.21,overcast clouds,2020-08-30 15:40:01
15,Bowen,AU,-20.02,148.23,59.0,93,0,5.82,clear sky,2020-08-30 15:40:01
16,Ushuaia,AR,-54.8,-68.3,24.8,92,90,24.16,heavy snow,2020-08-30 15:40:02
17,Axim,GH,4.87,-2.24,78.26,73,85,10.83,overcast clouds,2020-08-30 15:40:02
18,Mar Del Plata,AR,-38.0,-57.56,55.0,44,0,18.34,clear sky,2020-08-30 15:40:02
19,Pasighat,IN,28.07,95.33,77.99,77,100,2.82,overcast clouds,2020-08-30 15:40:03
20,Saldanha,ZA,-33.01,17.94,52.3,55,0,6.73,clear sky,2020-08-30 15:40:03
21,Verkhoyansk,RU,67.54,133.38,47.41,59,65,3.38,broken clouds,2020-08-30 15:40:03
22,Mataura,NZ,-46.19,168.86,45.0,72,41,11.01,scattered clouds,2020-08-30 15:40:04
23,Ribeira Grande,PT,38.52,-28.7,80.6,83,40,11.41,scattered clouds,2020-08-30 15:40:04
24,Kaitangata,NZ,-46.28,169.85,53.01,48,100,3.0,overcast clouds,2020-08-30 15:40:04
25,Upernavik,GL,72.79,-56.15,42.51,73,12,6.8,few clouds,2020-08-30 15:40:05
26,Castro,BR,-24.79,-50.01,80.28,40,0,7.56,clear sky,2020-08-30 15:40:05
27,Ilulissat,GL,69.22,-51.1,44.6,65,20,6.93,few clouds,2020-08-30 15:40:05
28,Gorokhovets,RU,56.19,42.7,68.0,68,40,6.71,light rain,2020-08-30 15:40:06
29,Oistins,BB,13.07,-59.53,87.8,74,40,16.11,scattered clouds,2020-08-30 15:40:06
30,Warrington,GB,53.39,-2.58,63.0,51,40,6.93,scattered clouds,2020-08-30 15:40:06
31,East London,ZA,-33.02,27.91,57.2,58,39,17.22,scattered clouds,2020-08-30 15:40:06
32,Olafsvik,IS,64.89,-23.71,52.95,93,100,24.45,heavy intensity rain,2020-08-30 15:40:07
33,Solnechnyy,RU,50.72,136.63,49.62,80,0,2.64,clear sky,2020-08-30 15:40:07
34,Morant Bay,JM,17.88,-76.41,89.6,70,20,5.82,few clouds,2020-08-30 15:40:07
35,Salalah,OM,17.02,54.09,78.8,88,90,2.24,overcast clouds,2020-08-30 15:40:08
36,Rikitea,PF,-23.12,-134.97,69.46,82,56,18.99,broken clouds,2020-08-30 15:40:08
37,High Rock,BS,26.62,-78.28,82.4,78,75,4.7,shower rain,2020-08-30 15:36:01
38,Cape Town,ZA,-33.93,18.42,57.0,50,20,9.17,few clouds,2020-08-30 15:40:08
39,Provideniya,RU,64.38,-173.3,45.68,77,34,20.29,scattered clouds,2020-08-30 15:40:09
40,Victoria,HK,22.29,114.16,86.0,81,93,8.99,overcast clouds,2020-08-30 15:38:07
41,Jamestown,US,42.1,-79.24,64.99,77,90,4.7,overcast clouds,2020-08-30 15:36:32
42,Tarakan,ID,3.3,117.63,82.74,76,98,7.49,overcast clouds,2020-08-30 15:37:41
43,Kenai,US,60.55,-151.26,53.01,81,90,13.87,overcast clouds,2020-08-30 15:40:10
44,Kapaa,US,22.08,-159.32,77.0,72,20,16.11,few clouds,2020-08-30 15:40:10
45,Buckeye,US,33.37,-112.58,89.01,48,1,9.17,clear sky,2020-08-30 15:40:10
46,Katsuura,JP,35.13,140.3,82.4,83,75,9.17,broken clouds,2020-08-30 15:40:11
47,Juegang,CN,32.32,121.19,82.99,53,0,9.01,light rain,2020-08-30 15:40:11
48,Petropavlovsk-Kamchatskiy,RU,53.05,158.65,41.0,100,85,6.71,overcast clouds,2020-08-30 15:40:11
49,Chapais,CA,49.78,-74.85,55.4,66,75,12.75,broken clouds,2020-08-30 15:40:12
50,Shaoyang,CN,27.23,111.45,76.03,79,0,4.18,light rain,2020-08-30 15:40:12
51,Hofn,IS,64.25,-15.21,53.6,93,90,9.17,shower rain,2020-08-30 15:35:44
52,Puerto Narino,CO,-3.77,-70.38,84.2,74,75,2.24,broken clouds,2020-08-30 15:40:12
53,Arraial Do Cabo,BR,-22.97,-42.03,87.8,45,0,13.87,clear sky,2020-08-30 15:40:12
54,Nizwa,OM,22.93,57.53,91.78,33,65,4.52,broken clouds,2020-08-30 15:39:27
55,Hobart,AU,-42.88,147.33,46.99,70,75,18.34,light intensity shower rain,2020-08-30 15:37:24
56,Gawler,AU,-34.6,138.73,50.0,86,8,2.98,clear sky,2020-08-30 15:40:13
57,Zharkovskiy,RU,55.85,32.27,66.16,88,93,1.68,overcast clouds,2020-08-30 15:40:13
58,Port Alfred,ZA,-33.59,26.89,53.73,64,25,14.09,scattered clouds,2020-08-30 15:40:14
59,Kailua,US,21.4,-157.74,78.8,65,20,13.87,few clouds,2020-08-30 15:40:14
60,Flinders,AU,-34.58,150.86,66.99,77,38,1.01,scattered clouds,2020-08-30 15:40:14
61,Bengkulu,ID,-3.8,102.27,77.77,83,100,4.83,overcast clouds,2020-08-30 15:38:03
62,Muros,ES,42.78,-9.06,71.01,52,0,8.99,clear sky,2020-08-30 15:40:15
63,Mitsamiouli,KM,-11.38,43.28,76.95,69,34,4.52,scattered clouds,2020-08-30 15:40:15
64,Butaritari,KI,3.07,172.79,82.63,73,53,13.06,broken clouds,2020-08-30 15:40:15
65,Cherskiy,RU,68.75,161.3,38.8,89,100,7.65,overcast clouds,2020-08-30 15:40:16
66,Dingle,PH,11.0,122.67,77.47,84,100,5.84,overcast clouds,2020-08-30 15:36:21
67,Yarada,IN,17.65,83.27,86.0,84,75,6.93,mist,2020-08-30 15:40:16
68,Barrow,US,71.29,-156.79,37.4,86,90,10.29,overcast clouds,2020-08-30 15:40:16
69,Atambua,ID,-9.11,124.89,69.66,86,28,6.2,scattered clouds,2020-08-30 15:40:17
70,Faanui,PF,-16.48,-151.75,76.32,76,22,23.44,few clouds,2020-08-30 15:40:17
71,Kavaratti,IN,10.57,72.64,82.49,78,46,12.08,scattered clouds,2020-08-30 15:35:24
72,Talcahuano,CL,-36.72,-73.12,50.0,53,0,16.11,clear sky,2020-08-30 15:40:17
73,Georgetown,MY,5.41,100.34,82.4,94,20,3.36,few clouds,2020-08-30 15:40:17
74,Amazar,RU,53.86,120.88,52.48,93,100,4.0,light rain,2020-08-30 15:40:18
75,Vaini,TO,-21.2,-175.2,75.2,94,75,8.05,broken clouds,2020-08-30 15:40:18
76,Kavali,IN,14.92,79.98,85.64,72,34,7.99,scattered clouds,2020-08-30 15:40:18
77,Altagracia De Orituco,VE,9.86,-66.38,83.84,70,82,0.29,broken clouds,2020-08-30 15:40:18
78,Nikolskoye,RU,59.7,30.79,64.4,82,90,8.95,overcast clouds,2020-08-30 15:40:19
79,Mulleriyawa,LK,6.93,79.93,82.4,78,20,6.93,few clouds,2020-08-30 15:40:19
80,Nantucket,US,41.28,-70.1,75.2,57,1,19.46,clear sky,2020-08-30 15:39:34
81,Carnarvon,AU,-24.87,113.63,66.2,82,0,12.75,clear sky,2020-08-30 15:40:19
82,Khandyga,RU,62.67,135.6,48.51,88,100,10.42,moderate rain,2020-08-30 15:40:20
83,Praia Da Vitoria,PT,38.73,-27.07,80.6,78,40,9.4,scattered clouds,2020-08-30 15:40:20
84,Punta Arenas,CL,-53.15,-70.92,35.6,47,40,23.04,scattered clouds,2020-08-30 15:37:28
85,Puerto Ayora,EC,-0.74,-90.35,69.8,68,75,14.99,broken clouds,2020-08-30 15:37:32
86,Matay,EG,28.42,30.78,98.89,20,0,8.75,clear sky,2020-08-30 15:40:21
87,Opuwo,NA,-18.06,13.84,84.79,10,1,6.78,clear sky,2020-08-30 15:40:21
88,Bauska,LV,56.41,24.19,69.8,52,40,4.7,scattered clouds,2020-08-30 15:40:21
89,Chuy,UY,-33.7,-53.46,51.57,59,96,8.23,overcast clouds,2020-08-30 15:40:21
90,New Norfolk,AU,-42.78,147.06,46.99,70,100,3.0,light rain,2020-08-30 15:40:22
91,Pevek,RU,69.7,170.31,36.48,86,71,4.09,broken clouds,2020-08-30 15:40:22
92,Atuona,PF,-9.8,-139.03,77.92,81,23,25.72,light rain,2020-08-30 15:40:22
93,Fougamou,GA,-1.22,10.58,83.98,62,90,3.8,overcast clouds,2020-08-30 15:40:23
94,Yellowknife,CA,62.46,-114.35,46.4,70,20,17.22,few clouds,2020-08-30 15:40:23
95,Mbuguni,TZ,-3.57,36.95,79.38,31,0,10.25,clear sky,2020-08-30 15:40:23
96,Ahipara,NZ,-35.17,173.17,54.27,88,34,6.46,scattered clouds,2020-08-30 15:40:23
97,Tiksi,RU,71.69,128.87,42.24,88,1,6.26,clear sky,2020-08-30 15:40:24
98,Dikson,RU,73.51,80.55,41.36,95,100,19.01,overcast clouds,2020-08-30 15:40:24
99,Hilo,US,19.73,-155.09,71.6,83,75,3.36,broken clouds,2020-08-30 15:40:24
100,Muana,BR,-1.53,-49.22,92.23,48,1,5.97,clear sky,2020-08-30 15:40:25
101,Hambantota,LK,6.12,81.12,82.4,78,75,8.05,light rain,2020-08-30 15:40:25
102,Kuching,MY,1.55,110.33,78.8,88,20,4.7,few clouds,2020-08-30 15:40:08
103,Husavik,IS,66.04,-17.34,62.6,55,75,25.28,broken clouds,2020-08-30 15:40:26
104,Udachnyy,RU,66.42,112.4,50.0,57,90,5.93,haze,2020-08-30 15:36:11
105,Forrest City,US,35.01,-90.79,77.0,94,90,4.7,overcast clouds,2020-08-30 15:40:26
106,Khvorostyanka,RU,52.61,48.96,64.72,58,60,6.29,broken clouds,2020-08-30 15:40:26
107,Luderitz,NA,-26.65,15.16,60.71,34,87,34.58,overcast clouds,2020-08-30 15:35:52
108,Beira,MZ,-19.84,34.84,77.0,88,0,14.99,haze,2020-08-30 15:40:27
109,Peniche,PT,39.36,-9.38,75.99,60,0,17.0,clear sky,2020-08-30 15:35:53
110,Okato,NZ,-39.2,173.88,45.0,92,56,11.41,broken clouds,2020-08-30 15:40:27
111,Avarua,CK,-21.21,-159.78,73.4,78,24,9.17,few clouds,2020-08-30 15:40:27
112,Tasiilaq,GL,65.61,-37.64,48.2,61,100,3.36,overcast clouds,2020-08-30 15:40:28
113,Svetlogorsk,BY,52.63,29.73,76.87,66,0,9.69,clear sky,2020-08-30 15:40:28
114,Chokurdakh,RU,70.63,147.92,42.26,79,100,6.4,overcast clouds,2020-08-30 15:40:28
115,Yerazgavors,AM,40.7,43.75,77.0,36,0,9.17,clear sky,2020-08-30 15:40:28
116,Kurilsk,RU,45.23,147.88,49.6,84,99,1.25,overcast clouds,2020-08-30 15:40:29
117,Tuktoyaktuk,CA,69.45,-133.04,39.2,93,90,13.87,mist,2020-08-30 15:40:29
118,Port Hardy,CA,50.7,-127.42,53.6,87,75,4.7,broken clouds,2020-08-30 15:35:58
119,Ponta Do Sol,PT,32.67,-17.1,78.01,38,3,3.44,clear sky,2020-08-30 15:40:29
120,Kreuztal,DE,50.97,7.98,68.0,61,100,4.0,overcast clouds,2020-08-30 15:40:30
121,Lompoc,US,34.64,-120.46,57.2,93,90,2.62,mist,2020-08-30 15:36:57
122,Roros,NO,62.57,11.38,46.4,65,75,16.11,broken clouds,2020-08-30 15:40:30
123,Nalut,LY,30.33,10.85,105.55,8,0,3.8,clear sky,2020-08-30 15:40:30
124,Hithadhoo,MV,-0.6,73.08,81.9,77,15,14.12,light rain,2020-08-30 15:40:31
125,Kodiak,US,57.79,-152.41,48.2,87,20,3.36,few clouds,2020-08-30 15:40:31
126,Thinadhoo,MV,0.53,72.93,82.62,75,6,13.13,light rain,2020-08-30 15:40:31
127,Choya,RU,52.01,86.55,54.12,80,0,2.84,clear sky,2020-08-30 15:40:31
128,Bud,US,39.45,-86.18,72.0,60,1,7.4,clear sky,2020-08-30 15:40:32
129,Usinsk,RU,65.99,57.53,50.77,96,100,10.0,moderate rain,2020-08-30 15:40:32
130,Lavrentiya,RU,65.58,-171.0,43.57,80,64,17.09,broken clouds,2020-08-30 15:40:33
131,Tuatapere,NZ,-46.13,167.68,45.0,72,41,11.01,scattered clouds,2020-08-30 15:40:33
132,Ko Samui,TH,9.54,99.94,86.0,74,20,2.24,few clouds,2020-08-30 15:40:33
133,Tigil,RU,57.8,158.67,42.62,92,58,5.68,broken clouds,2020-08-30 15:40:33
134,Dorado,PR,18.46,-66.27,88.0,70,75,13.87,broken clouds,2020-08-30 15:40:34
135,Katherine,AU,-14.47,132.27,80.6,44,97,10.29,overcast clouds,2020-08-30 15:40:34
136,Aklavik,CA,68.22,-135.01,42.8,93,90,8.05,overcast clouds,2020-08-30 15:36:02
137,Kloulklubed,PW,7.04,134.26,75.2,94,75,7.0,broken clouds,2020-08-30 15:40:34
138,Maceio,BR,-9.67,-35.74,82.4,61,40,12.75,scattered clouds,2020-08-30 15:40:20
139,Sorland,NO,67.67,12.69,50.0,61,40,6.93,scattered clouds,2020-08-30 15:40:35
140,Albany,US,42.6,-73.97,71.01,62,25,1.01,scattered clouds,2020-08-30 15:40:35
141,Khatanga,RU,71.97,102.5,47.53,80,100,8.1,overcast clouds,2020-08-30 15:40:35
142,Soe,ID,-9.86,124.28,63.09,100,41,4.63,scattered clouds,2020-08-30 15:40:35
143,Tessalit,ML,20.2,1.01,94.14,36,59,12.57,broken clouds,2020-08-30 15:40:36
144,Powell,US,40.16,-83.08,73.99,56,1,6.93,clear sky,2020-08-30 15:40:36
145,Saint-Philippe,RE,-21.36,55.77,71.6,73,25,21.92,light rain,2020-08-30 15:40:36
146,Hay River,CA,60.82,-115.8,48.2,70,40,12.75,scattered clouds,2020-08-30 15:36:27
147,Kyabram,AU,-36.32,145.05,43.0,91,0,1.01,clear sky,2020-08-30 15:40:37
148,Makakilo City,US,21.35,-158.09,78.8,65,1,4.7,clear sky,2020-08-30 15:40:37
149,Cuenca,EC,-2.88,-78.98,59.0,67,20,4.81,few clouds,2020-08-30 15:40:38
150,Itaqui,BR,-29.13,-56.55,52.5,88,100,15.3,overcast clouds,2020-08-30 15:40:19
151,Esperance,AU,-33.87,121.9,46.4,87,71,9.17,broken clouds,2020-08-30 15:40:38
152,Tchollire,CM,8.4,14.17,79.09,88,65,2.1,moderate rain,2020-08-30 15:40:38
153,High Level,CA,58.52,-117.14,46.4,70,20,20.8,few clouds,2020-08-30 15:40:38
154,Subtanjalla,PE,-14.02,-75.76,62.01,87,90,6.93,mist,2020-08-30 15:40:39
155,Porto Tolle,IT,44.95,12.32,84.99,56,8,19.01,clear sky,2020-08-30 15:40:39
156,Calbuco,CL,-41.77,-73.13,48.2,76,75,5.82,broken clouds,2020-08-30 15:40:39
157,Banepa,NP,27.63,85.52,73.4,94,40,5.82,scattered clouds,2020-08-30 15:40:04
158,Yulara,AU,-25.24,130.99,62.6,33,0,5.82,clear sky,2020-08-30 15:40:40
159,Kismayo,SO,-0.36,42.55,78.15,80,0,16.33,clear sky,2020-08-30 15:40:40
160,Bonavista,CA,48.65,-53.11,55.0,79,100,10.0,moderate rain,2020-08-30 15:40:40
161,Cidreira,BR,-30.18,-50.21,59.07,92,99,12.1,overcast clouds,2020-08-30 15:40:40
162,Leh,IN,34.17,77.58,64.06,25,0,4.85,clear sky,2020-08-30 15:40:41
163,Almenara,BR,-16.18,-40.69,87.3,42,86,5.17,overcast clouds,2020-08-30 15:40:41
164,Illapel,CL,-31.63,-71.17,63.18,38,0,5.41,clear sky,2020-08-30 15:40:41
165,Batagay-Alyta,RU,67.8,130.41,43.95,71,98,1.95,overcast clouds,2020-08-30 15:40:41
166,Winnemucca,US,40.97,-117.74,66.2,20,1,8.05,clear sky,2020-08-30 15:40:42
167,Airai,TL,-8.93,125.41,56.66,100,25,4.07,scattered clouds,2020-08-30 15:40:42
168,Chokwe,MZ,-24.53,32.98,69.64,70,94,14.56,overcast clouds,2020-08-30 15:40:42
169,Gamboma,CG,-1.88,15.86,86.83,55,78,2.44,broken clouds,2020-08-30 15:40:42
170,Agadir,MA,30.42,-9.6,80.6,47,1,14.99,clear sky,2020-08-30 15:40:43
171,Ocho Rios,JM,18.4,-77.1,88.0,78,26,10.0,scattered clouds,2020-08-30 15:40:43
172,Rocha,UY,-34.48,-54.33,52.12,53,10,7.74,clear sky,2020-08-30 15:32:58
173,Mehamn,NO,71.04,27.85,50.0,76,40,11.41,scattered clouds,2020-08-30 15:32:41
174,San Vicente,AR,-26.62,-54.13,84.88,37,23,4.25,few clouds,2020-08-30 15:36:24
175,Nara,JP,34.69,135.8,84.99,58,44,3.36,scattered clouds,2020-08-30 15:40:11
176,Naze,JP,28.37,129.48,82.4,83,6,4.7,clear sky,2020-08-30 15:40:44
177,Douglas,US,41.3,-96.17,72.0,60,1,9.17,clear sky,2020-08-30 15:38:29
178,San Cristobal,VE,7.77,-72.22,80.6,74,40,4.7,scattered clouds,2020-08-30 15:40:44
179,Pangnirtung,CA,66.15,-65.71,54.12,42,5,4.12,clear sky,2020-08-30 15:40:44
180,Bredasdorp,ZA,-34.53,20.04,57.2,50,60,10.29,broken clouds,2020-08-30 15:40:45
181,Baykit,RU,61.67,96.37,51.26,86,33,2.37,scattered clouds,2020-08-30 15:40:45
182,Izhma,RU,65.01,53.91,53.8,97,100,4.99,overcast clouds,2020-08-30 15:40:45
183,Abashiri,JP,44.02,144.27,53.76,77,100,4.63,light rain,2020-08-30 15:40:45
184,Cameron Park,US,38.67,-120.99,72.0,62,0,3.0,clear sky,2020-08-30 15:37:10
185,Lebu,CL,-37.62,-73.65,49.19,64,0,20.11,clear sky,2020-08-30 15:40:46
186,The Valley,AI,18.22,-63.06,87.8,70,40,18.34,haze,2020-08-30 15:36:13
187,Finschhafen,PG,-6.6,147.87,79.3,73,46,8.97,scattered clouds,2020-08-30 15:40:46
188,Menongue,AO,-14.66,17.69,84.16,16,8,8.08,clear sky,2020-08-30 15:40:47
189,Uyemskiy,RU,64.47,40.85,51.8,93,90,11.18,overcast clouds,2020-08-30 15:40:47
190,Norman Wells,CA,65.28,-126.83,44.6,75,75,3.36,broken clouds,2020-08-30 15:40:47
191,Monte Gordo,PT,37.18,-7.45,78.8,39,0,12.75,clear sky,2020-08-30 15:40:47
192,Mount Gambier,AU,-37.83,140.77,44.6,81,40,8.05,scattered clouds,2020-08-30 15:40:48
193,Lannion,FR,48.75,-3.42,60.8,72,20,10.29,few clouds,2020-08-30 15:40:48
194,Clyde River,CA,70.47,-68.59,48.2,87,90,6.93,overcast clouds,2020-08-30 15:40:48
195,Mlowo,TZ,-9.0,32.98,72.21,29,8,6.17,clear sky,2020-08-30 15:40:48
196,Touros,BR,-5.2,-35.46,84.2,62,40,13.87,scattered clouds,2020-08-30 15:38:05
197,Thompson,CA,55.74,-97.86,51.8,100,90,5.82,overcast clouds,2020-08-30 15:40:49
198,Hamilton,US,39.18,-84.53,75.99,53,1,4.7,clear sky,2020-08-30 15:31:02
199,Mount Isa,AU,-20.73,139.5,75.2,33,0,9.17,clear sky,2020-08-30 15:36:13
200,Torbay,CA,47.67,-52.73,60.01,93,90,24.16,moderate rain,2020-08-30 15:40:49
201,Kidal,ML,18.44,1.41,90.05,47,84,13.2,broken clouds,2020-08-30 15:40:50
202,Manokwari,ID,-0.87,134.08,80.58,69,78,4.29,broken clouds,2020-08-30 15:40:50
203,Nikki,BJ,9.94,3.21,75.11,90,97,5.88,light rain,2020-08-30 15:40:50
204,Buala,SB,-8.14,159.59,81.12,83,34,9.93,scattered clouds,2020-08-30 15:40:50
205,Kedrovyy,RU,56.17,91.82,59.0,87,40,8.95,light intensity shower rain,2020-08-30 15:40:51
206,Pacific Grove,US,36.62,-121.92,59.0,82,90,1.72,haze,2020-08-30 15:40:51
207,Mutare,ZW,-18.97,32.67,78.64,20,0,6.04,clear sky,2020-08-30 15:40:51
208,Iqaluit,CA,63.75,-68.51,46.4,75,20,4.7,few clouds,2020-08-30 15:40:51
209,Concordia,AR,-31.39,-58.02,55.4,58,91,16.11,overcast clouds,2020-08-30 15:40:52
210,Pucallpa,PE,-8.38,-74.55,86.0,66,20,3.36,few clouds,2020-08-30 15:40:52
211,Helong,CN,42.54,129.0,62.37,90,77,1.9,broken clouds,2020-08-30 15:40:52
212,Sitka,US,57.05,-135.33,53.6,87,90,4.7,light rain,2020-08-30 15:39:17
213,Longyearbyen,SJ,78.22,15.64,42.8,70,75,19.46,light intensity drizzle rain,2020-08-30 15:40:52
214,Vung Tau,VN,10.35,107.08,83.01,81,69,11.43,light rain,2020-08-30 15:40:53
215,Tautira,PF,-17.73,-149.15,71.6,73,20,5.82,few clouds,2020-08-30 15:40:53
216,Port Elizabeth,ZA,-33.92,25.57,51.8,81,40,8.05,scattered clouds,2020-08-30 15:40:53
217,Katobu,ID,-4.94,122.53,74.7,86,89,5.55,overcast clouds,2020-08-30 15:40:54
218,Jasper,US,37.2,-94.35,73.4,83,75,3.36,broken clouds,2020-08-30 15:40:54
219,Portland,US,45.52,-122.68,55.99,71,90,2.8,overcast clouds,2020-08-30 15:39:27
220,Rorvik,NO,64.86,11.24,51.8,76,40,10.29,shower rain,2020-08-30 15:40:54
221,Plettenberg Bay,ZA,-34.05,23.37,51.39,66,51,9.53,broken clouds,2020-08-30 15:33:28
222,Codrington,AU,-38.27,141.97,47.86,71,49,13.87,scattered clouds,2020-08-30 15:40:55
223,Golkoy,TR,40.69,37.62,77.0,83,75,6.93,broken clouds,2020-08-30 15:40:55
224,Khasan,RU,42.43,130.64,64.47,88,100,12.03,overcast clouds,2020-08-30 15:40:55
225,Broome,US,42.25,-75.83,64.0,77,90,12.75,overcast clouds,2020-08-30 15:40:55
226,Saint-Leu,RE,-21.15,55.28,71.6,73,11,21.92,few clouds,2020-08-30 15:40:56
227,Kingaroy,AU,-26.53,151.83,42.8,93,0,0.83,clear sky,2020-08-30 15:40:56
228,Talnakh,RU,69.49,88.4,48.2,100,40,13.42,mist,2020-08-30 15:36:05
229,Angostura,MX,25.37,-108.18,88.0,76,60,1.99,broken clouds,2020-08-30 15:40:56
230,Chiredzi,ZW,-21.05,31.67,77.25,56,2,7.54,clear sky,2020-08-30 15:40:57
231,Sabang,ID,5.89,95.32,83.8,76,100,14.45,overcast clouds,2020-08-30 15:40:57
232,Sao Felix Do Xingu,BR,-6.64,-51.99,102.2,19,0,5.26,clear sky,2020-08-30 15:40:57
233,Palmer,US,42.16,-72.33,77.0,43,40,19.46,scattered clouds,2020-08-30 15:40:58
234,Saint George,US,37.1,-113.58,82.99,36,1,3.36,clear sky,2020-08-30 15:40:58
235,Villa Rica,US,33.73,-84.92,84.0,78,40,8.05,scattered clouds,2020-08-30 15:40:58
236,Ormara,PK,25.21,64.64,82.22,85,26,15.75,scattered clouds,2020-08-30 15:40:59
237,Nemuro,JP,43.32,145.57,55.67,80,96,15.79,overcast clouds,2020-08-30 15:40:59
238,Port-Gentil,GA,-0.72,8.78,80.6,74,40,17.11,scattered clouds,2020-08-30 15:36:29
239,Te Anau,NZ,-45.42,167.72,47.7,75,42,10.54,scattered clouds,2020-08-30 15:41:00
240,Kapoeta,SS,4.77,33.59,82.26,52,45,6.85,scattered clouds,2020-08-30 15:41:00
241,Carutapera,BR,-1.2,-46.02,84.51,71,60,12.17,broken clouds,2020-08-30 15:36:15
242,Young,UY,-32.68,-57.63,54.0,48,36,1.99,scattered clouds,2020-08-30 15:41:00
243,Biltine,TD,14.53,20.92,86.34,55,89,6.17,overcast clouds,2020-08-30 15:41:00
244,Adrar,MR,20.5,-10.07,101.79,8,30,12.57,scattered clouds,2020-08-30 15:34:04
245,Khani,GE,41.96,42.96,80.6,69,0,16.11,clear sky,2020-08-30 15:35:53
246,Srednekolymsk,RU,67.45,153.68,38.03,84,17,4.74,few clouds,2020-08-30 15:41:01
247,Cap Malheureux,MU,-19.98,57.61,72.0,75,1,7.0,clear sky,2020-08-30 15:41:01
248,Elliot,ZA,-31.33,27.85,38.93,60,0,4.83,clear sky,2020-08-30 15:41:01
249,Tomelloso,ES,39.15,-3.02,69.01,27,0,4.0,clear sky,2020-08-30 15:41:02
250,Arlit,NE,18.74,7.39,91.65,43,97,0.94,overcast clouds,2020-08-30 15:41:02
251,Narsaq,GL,60.92,-46.05,50.0,71,75,5.82,light rain,2020-08-30 15:41:02
252,Laguna,US,38.42,-121.42,64.0,82,5,5.82,haze,2020-08-30 15:41:03
253,Pekan,MY,3.48,103.4,80.6,83,20,3.36,few clouds,2020-08-30 15:41:03
254,Methoni,GR,36.82,21.7,89.01,43,0,4.7,clear sky,2020-08-30 15:41:03
255,Severo-Kurilsk,RU,50.68,156.12,49.28,88,27,15.48,scattered clouds,2020-08-30 15:41:03
256,Kaabong,UG,3.48,34.15,71.31,59,30,4.79,scattered clouds,2020-08-30 15:41:04
257,Singaparna,ID,-7.35,108.11,71.1,88,99,3.65,overcast clouds,2020-08-30 15:41:04
258,Constitucion,CL,-35.33,-72.42,53.55,50,0,12.68,clear sky,2020-08-30 15:41:04
259,Marystown,CA,47.17,-55.15,66.0,100,100,3.0,overcast clouds,2020-08-30 15:41:05
260,Ballina,AU,-28.87,153.57,55.99,93,0,1.12,clear sky,2020-08-30 15:41:05
261,Lagoa,PT,39.05,-27.98,74.91,93,29,11.61,scattered clouds,2020-08-30 15:41:05
262,North Platte,US,41.12,-100.77,70.0,77,90,12.75,overcast clouds,2020-08-30 15:40:22
263,Bluff,NZ,-46.6,168.33,45.0,72,63,11.01,broken clouds,2020-08-30 15:41:06
264,Jibuti,DJ,11.5,42.5,100.4,31,1,12.75,haze,2020-08-30 15:41:06
265,Sisimiut,GL,66.94,-53.67,55.15,58,15,8.01,few clouds,2020-08-30 15:41:06
266,Horsham,GB,51.06,-0.33,62.01,59,75,12.75,broken clouds,2020-08-30 15:39:57
267,Bandarbeyla,SO,9.49,50.81,77.29,80,92,30.67,overcast clouds,2020-08-30 15:41:06
268,Belyy Yar,RU,53.6,91.39,57.2,87,27,2.24,light rain,2020-08-30 15:41:07
269,Moussoro,TD,13.64,16.49,92.95,39,16,4.99,few clouds,2020-08-30 15:41:07
270,Lalsk,RU,60.74,47.59,54.01,97,100,3.71,light rain,2020-08-30 15:41:07
271,Araouane,ML,18.9,-3.53,96.17,35,29,9.31,scattered clouds,2020-08-30 15:41:08
272,Middle Island,US,40.88,-72.94,75.2,50,1,10.29,moderate rain,2020-08-30 15:41:08
273,Meulaboh,ID,4.14,96.13,78.69,85,100,1.99,overcast clouds,2020-08-30 15:41:08
274,Hakui,JP,36.88,136.78,80.01,81,45,0.83,scattered clouds,2020-08-30 15:41:08
275,Powell River,CA,49.85,-124.54,55.4,93,20,2.24,few clouds,2020-08-30 15:41:09
276,Woodward,US,36.43,-99.39,78.01,83,90,4.7,overcast clouds,2020-08-30 15:41:09
277,Irtyshskiy,RU,58.33,68.13,67.78,76,64,8.1,broken clouds,2020-08-30 15:41:09
278,Boa Vista,BR,2.82,-60.67,84.2,70,75,3.36,broken clouds,2020-08-30 15:37:54
279,Haines Junction,CA,60.75,-137.51,46.04,77,100,3.33,light rain,2020-08-30 15:41:09
280,Ouadda,CF,8.08,22.4,75.0,85,82,3.83,light rain,2020-08-30 15:36:22
281,Jesup,US,31.61,-81.89,82.4,74,90,8.05,overcast clouds,2020-08-30 15:41:10
282,Saint-Pierre,RE,-21.34,55.48,71.6,73,4,21.92,clear sky,2020-08-30 15:41:10
283,Bikapur,IN,26.6,82.13,83.28,71,1,3.91,clear sky,2020-08-30 15:41:10
284,Leningradskiy,RU,69.38,178.42,35.53,91,100,10.2,overcast clouds,2020-08-30 15:41:11
285,Sabha,LY,27.04,14.43,103.73,11,0,11.18,clear sky,2020-08-30 15:41:11
286,Jardim,BR,-21.48,-56.14,95.56,19,6,7.36,clear sky,2020-08-30 15:41:11
287,Mahebourg,MU,-20.41,57.7,71.6,83,75,16.11,shower rain,2020-08-30 15:41:11
288,Byron Bay,AU,-28.65,153.62,55.99,93,0,1.12,clear sky,2020-08-30 15:35:53
289,Sao Filipe,CV,14.9,-24.5,80.06,76,49,8.95,scattered clouds,2020-08-30 15:41:12
290,Olga,RU,43.74,135.29,59.45,70,89,11.63,overcast clouds,2020-08-30 15:41:12
291,Cururupu,BR,-1.83,-44.87,87.98,52,75,10.76,broken clouds,2020-08-30 15:41:12
292,Upata,VE,8.01,-62.4,83.71,69,99,7.18,overcast clouds,2020-08-30 15:41:13
293,Assiniboia,CA,49.63,-105.98,59.9,39,65,18.61,broken clouds,2020-08-30 15:41:13
294,Nipawin,CA,53.37,-104.0,53.6,71,1,11.41,clear sky,2020-08-30 15:41:13
295,Chunoyar,RU,57.45,97.32,56.26,87,98,2.71,light rain,2020-08-30 15:41:14
296,Inongo,CD,-1.95,18.27,75.94,75,100,5.28,light rain,2020-08-30 15:41:14
297,Pangai,TO,-19.8,-174.35,77.31,81,0,21.74,clear sky,2020-08-30 15:41:14
298,San Quintin,MX,30.48,-115.95,68.32,78,98,8.23,overcast clouds,2020-08-30 15:41:14
299,Kaspiysk,RU,42.88,47.64,77.0,57,0,2.24,clear sky,2020-08-30 15:41:15
300,Houma,US,29.6,-90.72,80.6,83,75,3.36,broken clouds,2020-08-30 15:40:01
301,Cabo San Lucas,MX,22.89,-109.91,82.99,94,40,3.36,scattered clouds,2020-08-30 15:41:15
302,Chifeng,CN,42.27,118.96,69.15,89,12,3.29,few clouds,2020-08-30 15:41:15
303,Namibe,AO,-15.2,12.15,67.19,63,0,10.76,clear sky,2020-08-30 15:41:16
304,Hasaki,JP,35.73,140.83,78.8,94,75,1.12,broken clouds,2020-08-30 15:41:16
305,Carballo,ES,43.21,-8.69,66.2,52,20,10.29,few clouds,2020-08-30 15:41:16
306,Two Rivers,US,44.15,-87.57,63.0,77,40,5.82,scattered clouds,2020-08-30 15:41:16
307,Wattegama,LK,6.8,81.48,82.4,78,75,8.05,broken clouds,2020-08-30 15:41:17
308,Tinyahuarco,PE,-10.75,-76.3,53.11,37,73,10.13,broken clouds,2020-08-30 15:41:17
309,Kerema,PG,-7.96,145.78,76.82,90,99,6.67,overcast clouds,2020-08-30 15:41:17
310,Klaksvik,FO,62.23,-6.59,51.8,93,93,11.41,overcast clouds,2020-08-30 15:41:18
311,Ozernovskiy,RU,51.5,156.52,49.93,90,90,10.71,overcast clouds,2020-08-30 15:41:18
312,Gadsden,US,34.01,-86.01,84.2,74,20,3.36,few clouds,2020-08-30 15:36:43
313,Kita,ML,13.03,-9.49,81.03,75,100,5.66,overcast clouds,2020-08-30 15:41:18
314,Sao Joao Da Barra,BR,-21.64,-41.05,86.0,45,0,6.93,clear sky,2020-08-30 15:41:19
315,Nabire,ID,-3.37,135.48,75.63,87,86,3.31,overcast clouds,2020-08-30 15:41:19
316,Flin Flon,CA,54.77,-101.86,55.4,87,90,4.7,overcast clouds,2020-08-30 15:41:19
317,Kahului,US,20.89,-156.47,75.2,78,20,12.75,few clouds,2020-08-30 15:41:19
318,San Carlos,VE,9.66,-68.58,87.21,65,67,1.88,broken clouds,2020-08-30 15:41:20
319,Faya,SA,18.39,42.45,84.2,15,40,19.46,scattered clouds,2020-08-30 15:41:20
320,Tatawin,TN,32.93,10.45,109.4,9,0,6.93,clear sky,2020-08-30 15:41:20
321,Kavieng,PG,-2.57,150.8,82.09,76,85,4.9,light rain,2020-08-30 15:41:20
322,Puerto Escondido,MX,15.85,-97.07,82.4,61,40,3.11,scattered clouds,2020-08-30 15:41:21
323,Pingdu,CN,36.78,119.95,77.0,94,32,2.24,light rain,2020-08-30 15:41:21
324,San Fernando,PH,15.03,120.69,82.4,88,75,6.93,broken clouds,2020-08-30 15:41:21
325,Delano,US,35.77,-119.25,71.6,46,0,3.36,clear sky,2020-08-30 15:37:21
326,Turukhansk,RU,65.82,87.98,52.93,95,85,5.86,overcast clouds,2020-08-30 15:36:21
327,Kyshtovka,RU,56.55,76.63,60.42,76,0,5.03,clear sky,2020-08-30 15:41:22
328,Tarasovskiy,RU,48.73,40.36,77.61,34,0,4.59,clear sky,2020-08-30 15:41:22
329,Sofia,BG,42.7,23.32,89.6,27,0,5.82,clear sky,2020-08-30 15:41:22
330,Kormilovka,RU,55.0,74.1,73.4,46,40,4.47,scattered clouds,2020-08-30 15:41:23
331,Ulaanbaatar,MN,47.91,106.88,51.8,87,75,1.83,light rain,2020-08-30 15:41:23
332,Dunedin,NZ,-45.87,170.5,47.68,73,100,5.5,overcast clouds,2020-08-30 15:41:23
333,Shingu,JP,33.73,135.98,76.3,83,0,3.18,clear sky,2020-08-30 15:41:23
334,Andros Town,BS,24.7,-77.77,86.0,66,75,4.7,broken clouds,2020-08-30 15:41:24
335,Quatre Cocos,MU,-20.21,57.76,72.0,83,75,16.11,shower rain,2020-08-30 15:41:24
336,Catamarca,AR,-28.47,-65.79,60.01,54,48,5.99,scattered clouds,2020-08-30 15:41:24
337,Dharmanagar,IN,24.37,92.17,77.18,95,100,3.33,overcast clouds,2020-08-30 15:41:24
338,Corinto,GR,37.94,22.96,88.0,53,0,5.99,clear sky,2020-08-30 15:41:25
339,Sangar,RU,63.92,127.47,50.43,81,100,6.71,overcast clouds,2020-08-30 15:41:25
340,Strezhevoy,RU,60.73,77.59,59.0,100,100,4.47,overcast clouds,2020-08-30 15:41:25
341,Mandalgovi,MN,45.76,106.27,54.37,76,47,3.85,scattered clouds,2020-08-30 15:41:25
342,Kaihua,CN,23.37,104.28,67.23,91,100,4.76,overcast clouds,2020-08-30 15:41:26
343,Saint-Joseph,RE,-21.37,55.62,69.8,77,13,5.82,few clouds,2020-08-30 15:41:26
344,Souillac,MU,-20.52,57.52,71.6,83,75,16.11,shower rain,2020-08-30 15:41:26
345,Mogadishu,SO,2.04,45.34,80.6,69,40,13.87,scattered clouds,2020-08-30 15:38:21
346,Havre-Saint-Pierre,CA,50.23,-63.6,53.6,76,90,13.87,light rain,2020-08-30 15:36:20
347,Alice Springs,AU,-23.7,133.88,62.6,23,0,6.93,clear sky,2020-08-30 15:41:25
348,Mitu,CO,1.2,-70.17,87.03,54,96,3.51,overcast clouds,2020-08-30 15:38:20
349,Nouadhibou,MR,20.93,-17.03,82.4,58,0,18.34,sand,2020-08-30 15:38:42
350,Rawson,AR,-43.3,-65.1,54.9,41,0,15.5,clear sky,2020-08-30 15:40:54
351,Qasigiannguit,GL,68.82,-51.19,44.6,65,20,6.93,few clouds,2020-08-30 15:41:27
352,Albacete,ES,38.83,-2.0,73.4,20,4,6.93,clear sky,2020-08-30 15:41:28
353,Alofi,NU,-19.06,-169.92,68.0,94,17,2.24,few clouds,2020-08-30 15:41:28
354,Geraldton,AU,-28.77,114.6,48.2,93,0,3.36,clear sky,2020-08-30 15:41:28
355,Mokhsogollokh,RU,61.47,128.92,54.48,97,100,2.84,overcast clouds,2020-08-30 15:41:28
356,Ercis,TR,39.03,43.36,77.0,44,0,4.7,clear sky,2020-08-30 15:41:29
357,Vestmannaeyjar,IS,63.44,-20.27,53.6,93,90,16.11,heavy intensity rain,2020-08-30 15:41:07
358,Lata,PT,40.16,-8.33,82.0,39,0,11.48,clear sky,2020-08-30 15:41:29
359,Timmins,CA,48.47,-81.33,51.8,81,90,9.17,overcast clouds,2020-08-30 15:37:44
360,Soyo,AO,-6.13,12.37,77.0,78,40,9.17,scattered clouds,2020-08-30 15:41:30
361,Kaduqli,SD,11.02,29.72,77.16,85,96,5.77,heavy intensity rain,2020-08-30 15:41:30
362,Asau,RO,46.43,26.4,79.0,56,0,4.12,clear sky,2020-08-30 15:41:30
363,Graaff-Reinet,ZA,-32.25,24.53,51.01,37,10,1.01,clear sky,2020-08-30 15:41:30
364,Naberera,TZ,-4.2,36.93,71.49,41,0,14.34,clear sky,2020-08-30 15:41:30
365,San Ramon,US,37.78,-121.98,61.0,87,75,3.2,mist,2020-08-30 15:38:34
366,Mombetsu,JP,44.35,143.35,52.81,85,100,13.33,overcast clouds,2020-08-30 15:41:31
367,Timizart,DZ,36.8,4.27,74.5,74,97,6.82,overcast clouds,2020-08-30 15:41:31
368,Sao Gabriel Da Cachoeira,BR,-0.13,-67.09,81.0,73,100,1.14,overcast clouds,2020-08-30 15:41:32
369,Rach Gia,VN,10.02,105.08,82.81,80,55,10.09,light rain,2020-08-30 15:41:32
370,Baijiantan,CN,45.63,85.18,77.7,24,0,8.43,clear sky,2020-08-30 15:41:32
371,Darnah,LY,32.77,22.64,80.4,63,0,11.34,clear sky,2020-08-30 15:41:32
372,Fortuna,US,40.6,-124.16,54.0,93,1,3.36,clear sky,2020-08-30 15:41:33
373,Selkirk,CA,50.14,-96.88,68.0,60,40,18.34,scattered clouds,2020-08-30 15:37:50
374,Aitape,PG,-3.14,142.35,78.46,82,98,3.09,light rain,2020-08-30 15:41:33
375,Gat,IL,31.61,34.76,87.01,27,0,1.01,clear sky,2020-08-30 15:41:33
376,Cochrane,CA,51.18,-114.47,48.0,81,1,10.29,clear sky,2020-08-30 15:41:33
377,Lorengau,PG,-2.02,147.27,80.76,82,100,6.15,light rain,2020-08-30 15:41:34
378,Binzhou,CN,37.37,118.02,81.0,80,0,4.09,light rain,2020-08-30 15:40:24
379,Urucara,BR,-2.54,-57.76,92.39,53,41,1.9,scattered clouds,2020-08-30 15:41:34
380,Sapa,PH,5.15,120.32,82.44,75,70,4.27,broken clouds,2020-08-30 15:41:34
381,Buraydah,SA,26.33,43.98,102.2,16,0,14.99,clear sky,2020-08-30 15:41:35
382,Solton,RU,52.84,86.48,55.38,80,12,2.1,few clouds,2020-08-30 15:41:35
383,Krasnoselkup,RU,65.7,82.47,50.9,85,100,9.98,overcast clouds,2020-08-30 15:41:35
384,Kazerun,IR,29.62,51.65,86.54,14,37,7.2,scattered clouds,2020-08-30 15:41:35
385,Roald,NO,62.58,6.13,55.4,58,40,10.29,scattered clouds,2020-08-30 15:41:36
386,Bilibino,RU,68.05,166.44,40.33,83,100,4.65,overcast clouds,2020-08-30 15:41:36
387,Bambous Virieux,MU,-20.34,57.76,72.0,83,75,16.11,shower rain,2020-08-30 15:41:36
388,Coquimbo,CL,-29.95,-71.34,57.2,67,0,10.29,clear sky,2020-08-30 15:41:36
389,Tual,ID,-5.67,132.75,77.81,81,96,16.04,light rain,2020-08-30 15:41:36
390,Umm Lajj,SA,25.02,37.27,88.92,54,0,9.04,clear sky,2020-08-30 15:41:37
391,Pochutla,MX,15.74,-96.47,84.99,69,40,3.24,scattered clouds,2020-08-30 15:41:37
392,Whitehorse,CA,60.72,-135.05,44.6,87,90,11.41,light rain,2020-08-30 15:39:44
393,Kruisfontein,ZA,-34.0,24.73,54.0,67,99,4.0,light rain,2020-08-30 15:41:37
394,Chulman,RU,56.85,124.91,50.41,83,100,4.56,overcast clouds,2020-08-30 15:41:38
395,Drayton Valley,CA,53.22,-114.99,46.99,69,72,25.01,broken clouds,2020-08-30 15:41:38
396,Vitim,RU,59.45,112.56,53.06,86,89,1.12,overcast clouds,2020-08-30 15:41:38
397,Kautokeino,NO,69.01,23.04,46.53,66,73,17.31,broken clouds,2020-08-30 15:41:38
398,Sistranda,NO,63.73,8.83,53.6,66,40,19.46,shower rain,2020-08-30 15:41:39
399,Namatanai,PG,-3.67,152.43,79.21,86,59,7.25,light rain,2020-08-30 15:41:39
400,Manaure,CO,11.78,-72.44,86.97,62,20,6.4,few clouds,2020-08-30 15:41:39
401,Saskylakh,RU,71.92,114.08,49.1,79,74,4.76,broken clouds,2020-08-30 15:41:39
402,Poco Verde,BR,-10.71,-38.18,84.96,48,71,13.11,broken clouds,2020-08-30 15:41:40
403,Goderich,CA,43.75,-81.72,68.0,68,42,7.85,scattered clouds,2020-08-30 15:41:40
404,Launceston,AU,-41.45,147.17,48.2,61,90,3.36,overcast clouds,2020-08-30 15:41:40
405,Moses Lake,US,47.13,-119.28,64.4,25,1,9.17,clear sky,2020-08-30 15:41:40
406,Vardo,NO,70.37,31.11,50.0,93,75,8.05,broken clouds,2020-08-30 15:41:41
407,Syamzha,RU,60.02,41.06,57.29,96,99,4.38,overcast clouds,2020-08-30 15:41:41
408,Manggar,ID,-2.88,108.27,81.12,79,29,14.03,scattered clouds,2020-08-30 15:41:41
409,Sioux Lookout,CA,50.1,-91.92,60.8,77,20,5.82,few clouds,2020-08-30 15:37:33
410,Chimbote,PE,-9.09,-78.58,65.01,72,71,10.36,broken clouds,2020-08-30 15:41:42
411,Japura,ID,-0.32,102.35,75.58,89,43,2.04,scattered clouds,2020-08-30 15:41:42
412,Abu Dhabi,AE,24.47,54.37,104.0,50,21,8.05,few clouds,2020-08-30 15:41:42
413,Santa Maria Da Boa Vista,BR,-8.81,-39.83,92.93,21,25,17.07,scattered clouds,2020-08-30 15:41:43
414,Banjar,ID,-8.19,114.97,78.8,78,20,16.11,few clouds,2020-08-30 15:41:43
415,Neyshabur,IR,36.21,58.8,70.21,30,24,9.93,few clouds,2020-08-30 15:41:13
416,Tsumeb,NA,-19.23,17.72,82.67,15,26,7.7,scattered clouds,2020-08-30 15:41:43
417,Hammerfest,NO,70.66,23.68,48.2,70,40,19.46,scattered clouds,2020-08-30 15:41:43
418,Waitati,NZ,-45.75,170.57,47.32,72,100,4.36,overcast clouds,2020-08-30 15:41:44
419,Fergus Falls,US,46.28,-96.08,70.0,60,1,17.22,clear sky,2020-08-30 15:41:44
420,Zhigansk,RU,66.77,123.37,48.33,96,99,11.21,moderate rain,2020-08-30 15:41:44
421,Waipawa,NZ,-41.41,175.52,55.4,82,3,25.28,clear sky,2020-08-30 15:36:16
422,Biasca,CH,46.36,8.97,73.4,56,76,9.17,broken clouds,2020-08-30 15:41:45
423,Ust-Nera,RU,64.57,143.2,45.41,77,94,0.83,light rain,2020-08-30 15:41:45
424,Khudumelapye,BW,-23.88,24.75,62.01,25,0,8.79,clear sky,2020-08-30 15:41:45
425,Sao Geraldo Do Araguaia,BR,-6.4,-48.55,101.53,21,0,8.72,clear sky,2020-08-30 15:41:46
426,Aldan,RU,58.6,125.39,51.69,83,97,6.71,overcast clouds,2020-08-30 15:41:46
427,Kanaya,JP,34.82,138.13,82.99,84,98,1.34,overcast clouds,2020-08-30 15:41:46
428,Neira,CO,5.17,-75.52,68.0,88,75,4.7,fog,2020-08-30 15:41:46
429,Songjianghe,CN,42.19,127.48,59.38,94,17,2.55,few clouds,2020-08-30 15:41:47
430,Mujiayingzi,CN,42.12,118.78,67.98,87,12,4.81,few clouds,2020-08-30 15:41:47
431,Mana,GF,5.66,-53.78,88.5,60,62,8.7,broken clouds,2020-08-30 15:41:47
432,Marzuq,YE,14.4,46.47,85.73,35,96,8.37,light rain,2020-08-30 15:36:28
433,Taoudenni,ML,22.68,-3.98,102.27,23,94,10.18,overcast clouds,2020-08-30 15:36:15
434,Vegachi,CO,6.76,-74.79,78.35,59,63,5.21,broken clouds,2020-08-30 15:41:48
435,Ledziny,PL,50.14,19.13,82.99,64,50,9.46,scattered clouds,2020-08-30 15:41:48
436,Alta Floresta,BR,-9.88,-56.09,91.4,49,75,3.36,smoke,2020-08-30 15:41:49
437,Saint-Francois,FR,46.42,3.91,68.0,45,75,10.29,broken clouds,2020-08-30 15:41:49
438,San Joaquin,VE,10.26,-67.79,82.42,65,94,6.22,overcast clouds,2020-08-30 15:41:49
439,Isangel,VU,-19.55,169.27,66.2,93,75,12.28,broken clouds,2020-08-30 15:41:50
440,Vila,PT,42.03,-8.16,71.01,39,0,7.0,clear sky,2020-08-30 15:41:50
441,Kalevala,RU,65.2,31.17,57.25,62,91,2.39,overcast clouds,2020-08-30 15:41:50
442,Kyaukse,MM,21.6,96.13,82.47,78,100,4.81,light rain,2020-08-30 15:41:50
443,Antofagasta,CL,-23.65,-70.4,59.0,62,75,9.17,broken clouds,2020-08-30 15:41:51
444,Ilo,PE,-17.64,-71.34,61.65,74,94,8.41,overcast clouds,2020-08-30 15:41:51
445,Penarroya-Pueblonuevo,ES,38.3,-5.27,87.8,15,0,5.82,clear sky,2020-08-30 15:41:51
446,Tamandare,BR,-8.76,-35.1,81.34,63,20,10.09,few clouds,2020-08-30 15:41:52
447,Roebourne,AU,-20.78,117.13,75.99,41,0,6.33,clear sky,2020-08-30 15:41:52
448,Junction City,US,39.03,-96.83,73.0,78,1,11.41,clear sky,2020-08-30 15:41:52
449,Los Llanos De Aridane,ES,28.66,-17.92,78.8,57,75,16.11,broken clouds,2020-08-30 15:41:52
450,Qarqin,AF,37.42,66.04,79.25,16,0,6.62,clear sky,2020-08-30 15:41:53
451,Muli,MV,2.92,73.57,84.11,66,33,5.88,scattered clouds,2020-08-30 15:41:53
452,Kathu,TH,7.92,98.33,87.01,88,40,2.24,scattered clouds,2020-08-30 15:41:53
453,Puerto Ayacucho,VE,5.66,-67.62,75.2,94,75,2.24,light intensity drizzle,2020-08-30 15:36:07
454,Yerbogachen,RU,61.28,108.01,53.24,74,63,3.8,broken clouds,2020-08-30 15:41:54
455,Rize,TR,40.9,40.89,57.81,87,0,1.03,clear sky,2020-08-30 15:41:54
456,Tupik,RU,54.43,119.93,49.89,94,100,2.35,light rain,2020-08-30 15:41:54
457,Deputatskiy,RU,69.3,139.9,28.63,99,1,2.64,clear sky,2020-08-30 15:41:54
458,San Mateo Ixtatan,GT,15.83,-91.48,65.53,72,51,2.71,broken clouds,2020-08-30 15:41:55
459,Riyadh,SA,24.69,46.72,100.4,9,11,11.41,few clouds,2020-08-30 15:39:27
460,University Park,US,25.75,-80.37,91.99,62,75,8.05,broken clouds,2020-08-30 15:41:55
461,Blagoveshchenka,RU,52.83,79.87,63.63,69,44,6.82,scattered clouds,2020-08-30 15:41:56
462,Conde,BR,-7.26,-34.91,84.2,54,40,17.22,scattered clouds,2020-08-30 15:35:55
463,Broken Hill,AU,-31.95,141.43,50.0,76,0,14.99,clear sky,2020-08-30 15:33:23
464,Qinhuangdao,CN,39.93,119.59,70.23,85,19,2.44,light rain,2020-08-30 15:41:56
465,Richards Bay,ZA,-28.78,32.04,58.96,80,100,15.79,light rain,2020-08-30 15:41:57
466,Christchurch,NZ,-43.53,172.63,51.01,77,2,1.12,clear sky,2020-08-30 15:40:04
467,Nishihara,JP,26.18,127.76,82.4,88,75,12.75,broken clouds,2020-08-30 15:41:57
468,Vytegra,RU,61.01,36.45,52.05,93,99,3.06,overcast clouds,2020-08-30 15:41:57
469,Bonthe,SL,7.53,-12.51,78.84,81,100,16.98,light rain,2020-08-30 15:41:57
470,Dhidhdhoo,MV,6.88,73.1,83.35,75,77,9.91,broken clouds,2020-08-30 15:41:58
471,Juneau,US,58.3,-134.42,53.01,93,90,12.75,moderate rain,2020-08-30 15:41:58
472,Anadyr,RU,64.75,177.48,33.8,86,63,11.18,broken clouds,2020-08-30 15:41:58
473,Gillette,US,44.29,-105.5,62.6,45,1,24.16,clear sky,2020-08-30 15:41:59
474,Kieta,PG,-6.22,155.63,79.79,77,46,6.38,scattered clouds,2020-08-30 15:36:23
475,Muhlhausen,DE,51.22,10.45,64.99,80,100,3.94,moderate rain,2020-08-30 15:41:59
476,Ulaangom,MN,49.98,92.07,57.6,52,1,3.83,clear sky,2020-08-30 15:41:59
477,Anaco,VE,9.44,-64.47,84.4,72,99,4.52,overcast clouds,2020-08-30 15:41:59
478,Zarubino,RU,42.63,131.09,63.48,87,100,11.14,overcast clouds,2020-08-30 15:42:00
479,Beringovskiy,RU,63.05,179.32,46.71,80,100,28.81,light rain,2020-08-30 15:42:00
480,Labuhan,ID,-6.88,112.21,78.04,75,48,7.4,scattered clouds,2020-08-30 15:35:44
481,Marsh Harbour,BS,26.54,-77.06,85.96,66,96,9.4,overcast clouds,2020-08-30 15:42:00
482,Northam,GB,51.03,-4.22,64.0,61,2,3.0,clear sky,2020-08-30 15:42:01
483,Nhulunbuy,AU,-12.23,136.77,77.0,83,90,9.17,overcast clouds,2020-08-30 15:42:01
484,Ust-Tsilma,RU,65.44,52.15,52.97,97,100,3.36,overcast clouds,2020-08-30 15:42:01
485,Botwood,CA,49.15,-55.35,55.99,92,100,1.99,overcast clouds,2020-08-30 15:42:01
486,Fairbanks,US,64.84,-147.72,48.99,87,90,2.93,overcast clouds,2020-08-30 15:40:32
487,Gigmoto,PH,13.78,124.39,81.81,80,99,8.57,overcast clouds,2020-08-30 15:42:02
488,Makat,KZ,47.65,53.35,86.02,24,42,14.85,scattered clouds,2020-08-30 15:42:02
489,Gravelbourg,CA,49.88,-106.55,59.5,42,60,18.19,broken clouds,2020-08-30 15:42:02
490,Zyryanka,RU,65.75,150.85,39.99,72,0,3.85,clear sky,2020-08-30 15:35:50
491,Niono,ML,14.25,-5.99,84.15,66,100,7.58,moderate rain,2020-08-30 15:42:03
492,Half Moon Bay,US,37.46,-122.43,63.0,93,90,4.05,overcast clouds,2020-08-30 15:42:03
493,Pedasi,PA,7.53,-80.03,81.41,72,34,3.96,scattered clouds,2020-08-30 15:42:03
494,Brigham City,US,41.51,-112.02,73.0,45,1,5.12,clear sky,2020-08-30 15:40:28
495,Murgab,TM,37.5,61.97,87.8,19,75,11.41,broken clouds,2020-08-30 15:42:04
496,Ituango,CO,7.17,-75.76,75.42,52,41,2.62,scattered clouds,2020-08-30 15:42:04
497,Belmopan,BZ,17.25,-88.77,90.0,64,79,8.01,broken clouds,2020-08-30 15:42:04
498,Evensk,RU,61.95,159.23,45.12,68,11,9.08,few clouds,2020-08-30 15:42:04
499,Nanortalik,GL,60.14,-45.24,48.02,75,100,8.12,overcast clouds,2020-08-30 15:42:05
500,Simao,CN,22.79,100.97,66.51,95,100,2.53,overcast clouds,2020-08-30 15:35:46
501,Abapo,BO,-18.83,-63.47,90.43,27,48,5.73,scattered clouds,2020-08-30 15:42:05
502,Smirnykh,RU,49.75,142.83,43.2,90,77,0.6,broken clouds,2020-08-30 15:42:05
503,Marawi,PH,8.0,124.29,78.01,89,100,5.01,overcast clouds,2020-08-30 15:42:06
504,At-Bashi,KG,41.17,75.81,58.5,43,29,0.6,scattered clouds,2020-08-30 15:42:06
505,Armidale,AU,-30.52,151.65,40.75,93,0,5.21,clear sky,2020-08-30 15:42:07
506,Olinda,BR,-8.01,-34.86,84.2,62,20,8.05,few clouds,2020-08-30 15:42:07
507,Thunder Bay,CA,48.4,-89.32,60.01,82,75,5.82,broken clouds,2020-08-30 15:37:38
508,Progreso,MX,21.28,-89.67,87.01,79,40,8.88,scattered clouds,2020-08-30 15:42:07
509,Una,IN,20.82,71.03,76.44,93,100,15.28,light rain,2020-08-30 15:42:07
510,Sabya,SA,17.15,42.63,91.4,70,40,5.82,scattered clouds,2020-08-30 15:42:08
511,Boppard,DE,50.23,7.59,72.0,62,100,1.01,overcast clouds,2020-08-30 15:42:08
512,Mineral Wells,US,32.81,-98.11,80.01,78,1,11.41,light rain,2020-08-30 15:42:08
513,Nacozari,MX,25.34,-108.26,88.0,76,55,1.99,broken clouds,2020-08-30 15:42:08
514,Savannah Bight,HN,16.45,-85.85,83.26,75,0,18.61,clear sky,2020-08-30 15:42:09
515,Alpena,US,45.06,-83.43,63.0,82,90,4.7,overcast clouds,2020-08-30 15:42:09
516,Sillod,IN,20.3,75.65,75.2,94,40,6.93,scattered clouds,2020-08-30 15:42:09
517,Gonbad-E Qabus,IR,37.25,55.17,78.8,54,20,9.17,few clouds,2020-08-30 15:42:09
518,Harrogate,GB,53.99,-1.54,59.0,54,40,6.93,scattered clouds,2020-08-30 15:42:10
519,Kayerkan,RU,69.35,87.76,48.2,100,40,13.42,mist,2020-08-30 15:42:10
520,Port Augusta,AU,-32.5,137.77,51.8,62,90,8.05,overcast clouds,2020-08-30 15:42:10
521,Pouso Alegre,BR,-22.23,-45.94,82.81,37,0,3.24,clear sky,2020-08-30 15:41:59
522,Sabla,NG,12.75,4.71,84.38,62,100,5.08,overcast clouds,2020-08-30 15:42:11
523,Luganville,VU,-15.53,167.17,77.0,88,90,3.36,overcast clouds,2020-08-30 15:42:11
524,Korla,CN,41.76,86.15,75.15,24,7,0.36,clear sky,2020-08-30 15:41:17
525,Nam Som,TH,17.77,102.19,79.39,78,98,0.74,overcast clouds,2020-08-30 15:42:11
526,Eureka,US,40.8,-124.16,53.01,93,1,3.33,clear sky,2020-08-30 15:42:12
527,Ponta Delgada,PT,37.73,-25.67,78.8,78,40,12.75,scattered clouds,2020-08-30 15:42:12
528,Lagos,NG,6.58,3.75,80.62,71,100,10.13,overcast clouds,2020-08-30 15:42:12
529,Talaya,RU,61.38,152.75,31.89,94,0,1.45,clear sky,2020-08-30 15:42:12
530,Piacabucu,BR,-10.41,-36.43,80.69,66,7,11.32,clear sky,2020-08-30 15:42:13
531,Madang,PG,-5.22,145.8,75.97,83,81,5.35,broken clouds,2020-08-30 15:42:13
532,Belturbet,IE,54.1,-7.45,59.0,72,97,1.01,overcast clouds,2020-08-30 15:42:13
533,Puerto Quijarro,BO,-17.78,-57.77,105.62,11,0,7.36,clear sky,2020-08-30 15:42:13
534,Zapadnaya Dvina,RU,56.26,32.07,63.43,85,99,2.44,light rain,2020-08-30 15:42:14
535,Toowoomba,AU,-27.55,151.97,50.0,93,0,5.82,clear sky,2020-08-30 15:42:14
536,Bukama,CD,-9.2,25.85,90.16,34,51,4.34,broken clouds,2020-08-30 15:42:14
537,Sokoto,NG,13.06,5.24,86.85,55,100,4.94,overcast clouds,2020-08-30 15:42:15
538,Brigantine,US,39.41,-74.36,77.0,50,1,13.87,clear sky,2020-08-30 15:42:15
539,Qandala,SO,11.47,49.87,90.66,50,100,3.11,overcast clouds,2020-08-30 15:42:15
540,Aleksandrovsk-Sakhalinskiy,RU,50.9,142.16,49.57,84,95,8.84,overcast clouds,2020-08-30 15:42:15
541,Zlobin,HR,45.29,14.65,80.6,74,40,18.34,scattered clouds,2020-08-30 15:42:16
542,Shache,CN,38.42,77.24,71.96,28,58,9.44,broken clouds,2020-08-30 15:42:16
543,Cockburn Town,TC,21.46,-71.14,82.81,77,7,11.54,clear sky,2020-08-30 15:36:23
544,Guaymas,MX,27.93,-110.9,86.0,89,75,9.17,broken clouds,2020-08-30 15:42:16
545,Anchorage,US,61.22,-149.9,50.0,87,40,5.57,scattered clouds,2020-08-30 15:38:47
546,Wana,PK,32.3,69.57,79.77,44,65,4.07,broken clouds,2020-08-30 15:42:17
547,Port Lincoln,AU,-34.73,135.87,50.36,68,16,7.2,few clouds,2020-08-30 15:42:17
548,Ostrovnoy,RU,68.05,39.51,47.21,83,80,8.75,broken clouds,2020-08-30 15:42:17
549,Qui Nhon,VN,13.77,109.23,80.53,82,46,4.45,scattered clouds,2020-08-30 15:42:18
550,Bathsheba,BB,13.22,-59.52,87.8,74,40,16.11,scattered clouds,2020-08-30 15:42:18
551,Clermont,FR,49.5,2.42,61.0,87,86,18.34,overcast clouds,2020-08-30 15:42:18
552,Marrakesh,MA,31.63,-8.01,91.4,21,20,3.36,few clouds,2020-08-30 15:42:18
553,Ancud,CL,-41.87,-73.82,50.0,97,60,7.0,broken clouds,2020-08-30 15:42:19
554,Dwarka,IN,22.24,68.97,81.1,84,100,16.53,heavy intensity rain,2020-08-30 15:42:19
555,Kokopo,PG,-4.35,152.26,77.97,85,69,10.78,light rain,2020-08-30 15:42:19
556,Obregon,NI,11.96,-85.96,86.0,66,20,11.41,few clouds,2020-08-30 15:42:20
557,Mozhaysk,RU,55.5,36.03,67.8,87,27,4.32,scattered clouds,2020-08-30 15:42:20
558,Boda,CF,4.32,17.47,78.73,83,94,0.56,overcast clouds,2020-08-30 15:42:20
559,Harper,LR,4.38,-7.72,77.16,79,84,13.11,broken clouds,2020-08-30 15:42:20
560,Dicabisagan,PH,17.08,122.42,79.48,81,96,5.06,overcast clouds,2020-08-30 15:42:21
561,Cuamba,MZ,-14.8,36.54,81.97,27,0,5.01,clear sky,2020-08-30 15:42:21
562,Pisco,PE,-13.7,-76.22,62.01,87,90,6.93,mist,2020-08-30 15:42:21
563,Bucerias,MX,20.75,-105.33,81.0,94,90,4.7,overcast clouds,2020-08-30 15:42:21
564,Saharanpur,IN,29.97,77.55,80.13,79,0,8.81,clear sky,2020-08-30 15:42:22
565,Dambulla,LK,7.86,80.65,76.41,84,70,8.57,light rain,2020-08-30 15:42:22
566,Guymon,US,36.68,-101.48,69.8,83,1,10.29,clear sky,2020-08-30 15:42:22
567,Poronaysk,RU,49.22,143.12,47.28,83,42,2.28,scattered clouds,2020-08-30 15:42:22
568,Inhambane,MZ,-23.86,35.38,78.8,83,20,5.82,few clouds,2020-08-30 15:42:23
569,Chumikan,RU,54.72,135.31,49.55,75,48,2.66,scattered clouds,2020-08-30 15:42:23
570,Altamira,BR,-3.2,-52.21,89.6,62,75,8.05,broken clouds,2020-08-30 15:36:01
571,Poum,NC,-20.23,164.02,69.67,72,67,16.4,broken clouds,2020-08-30 15:42:23
572,Danilovka,RU,50.36,44.12,70.93,42,0,4.94,clear sky,2020-08-30 15:39:53
573,Grand Gaube,MU,-20.01,57.66,72.0,75,1,7.0,light rain,2020-08-30 15:42:24
574,Kirakira,SB,-10.45,161.92,79.77,84,100,14.14,overcast clouds,2020-08-30 15:35:58
575,Ayan,RU,56.45,138.17,51.91,66,100,3.94,overcast clouds,2020-08-30 15:42:24
576,Laramie,US,41.31,-105.59,66.99,37,0,8.99,clear sky,2020-08-30 15:38:29
577,Aswan,EG,24.09,32.91,99.32,9,0,8.57,clear sky,2020-08-30 15:42:24
578,Yankton,US,42.87,-97.4,71.01,63,1,9.17,light rain,2020-08-30 15:42:25
579,Port Pirie,AU,-33.18,138.02,51.8,62,90,8.05,overcast clouds,2020-08-30 15:36:04
580,Merauke,ID,-8.47,140.33,77.95,82,85,15.82,overcast clouds,2020-08-30 15:42:25
581,Kamaishi,JP,39.27,141.88,69.93,89,100,10.65,light rain,2020-08-30 15:42:25
582,Nador,MA,35.17,-2.93,80.6,61,20,11.41,few clouds,2020-08-30 15:42:26
583,Zhicheng,CN,30.3,111.5,82.0,71,0,4.9,light rain,2020-08-30 15:42:26
584,Komsomolskiy,UZ,40.43,71.72,77.0,53,3,4.7,clear sky,2020-08-30 15:42:26
585,Praia,CV,14.92,-23.51,86.0,74,75,10.29,broken clouds,2020-08-30 15:42:26
586,Kota Kinabalu,MY,5.97,116.07,80.6,88,20,3.36,few clouds,2020-08-30 15:42:27
587,Westport,US,41.14,-73.36,75.99,50,20,8.05,few clouds,2020-08-30 15:42:27
588,Kamenka,RU,51.32,42.77,69.4,50,0,4.34,clear sky,2020-08-30 15:42:28
589,Parauna,BR,-16.95,-50.45,94.93,16,3,2.95,clear sky,2020-08-30 15:42:28
590,Necochea,AR,-38.55,-58.74,52.48,44,0,20.78,clear sky,2020-08-30 15:31:23
591,Tazovskiy,RU,67.47,78.7,47.77,78,100,7.94,overcast clouds,2020-08-30 15:42:29
592,Nsanje,MW,-16.92,35.26,89.13,17,0,2.68,clear sky,2020-08-30 15:42:30
593,Havoysund,NO,71.0,24.66,48.2,70,40,19.46,scattered clouds,2020-08-30 15:42:30
594,Prince Rupert,CA,54.32,-130.32,53.6,93,90,10.29,light rain,2020-08-30 15:39:10
595,Sibolga,ID,1.74,98.78,77.31,82,100,3.06,overcast clouds,2020-08-30 15:42:30
596,Aloleng,PH,16.13,119.78,82.45,76,100,6.91,heavy intensity rain,2020-08-30 15:42:31
597,Mumford,GH,5.26,-0.76,76.62,79,100,13.76,overcast clouds,2020-08-30 15:42:31
598,Nizhnedevitsk,RU,51.54,38.37,84.2,26,0,6.71,clear sky,2020-08-30 15:42:31
599,Avera,US,33.19,-82.53,86.0,70,40,8.05,scattered clouds,2020-08-30 15:42:32
600,Montemor-O-Novo,PT,38.65,-8.21,90.0,17,0,11.41,clear sky,2020-08-30 15:42:32
601,Cape Canaveral,US,28.41,-80.6,86.0,70,40,9.17,scattered clouds,2020-08-30 15:42:33
602,Paracuru,BR,-3.41,-39.03,82.0,64,53,28.01,broken clouds,2020-08-30 15:42:33
603,Koboko,UG,3.41,30.96,67.66,92,66,3.02,light rain,2020-08-30 15:42:34
604,Valparaiso,CL,-33.04,-71.63,59.0,54,0,10.29,clear sky,2020-08-30 15:42:06
605,Vostok,RU,46.49,135.88,47.46,79,78,4.43,broken clouds,2020-08-30 15:35:59
606,Haimen,CN,23.19,116.61,84.2,79,40,4.47,scattered clouds,2020-08-30 15:42:34
607,Xiaoyi,CN,34.62,109.7,69.35,62,59,12.93,broken clouds,2020-08-30 15:42:35
608,Puerto Boyaca,CO,5.98,-74.59,85.35,62,100,1.83,overcast clouds,2020-08-30 15:42:35
609,Chilca,PE,-12.52,-76.74,60.8,87,90,4.7,overcast clouds,2020-08-30 15:42:36
610,Mookane,BW,-23.69,26.66,68.72,21,0,5.61,clear sky,2020-08-30 15:42:36
611,Bardiyah,LY,31.76,25.09,80.73,61,0,11.3,clear sky,2020-08-30 15:42:37
612,Auki,SB,-8.77,160.7,78.22,87,43,4.92,scattered clouds,2020-08-30 15:36:24
613,Shieli,KZ,44.17,66.75,81.0,19,0,15.1,clear sky,2020-08-30 15:42:38
614,Muravlenko,RU,63.79,74.52,54.0,61,100,8.41,overcast clouds,2020-08-30 15:42:38
615,Molochnoye,RU,59.29,39.68,59.2,95,90,5.99,overcast clouds,2020-08-30 15:42:39
616,Nuuk,GL,64.18,-51.72,59.0,44,5,6.93,clear sky,2020-08-30 15:42:39
617,Hobyo,SO,5.35,48.53,78.31,77,6,27.72,clear sky,2020-08-30 15:42:39
618,Oga,IT,46.46,10.35,61.0,81,75,5.82,broken clouds,2020-08-30 15:42:40
619,Omboue,GA,-1.57,9.26,77.34,77,72,11.86,broken clouds,2020-08-30 15:42:40
620,Usevya,TZ,-7.1,31.23,84.79,20,2,5.37,clear sky,2020-08-30 15:42:40
621,Sola,VU,-13.88,167.55,80.6,83,75,4.7,broken clouds,2020-08-30 15:42:40
622,The Pas,CA,53.83,-101.25,57.2,82,20,12.75,few clouds,2020-08-30 15:42:41
623,Xilagani,GR,40.98,25.42,87.01,46,0,1.01,clear sky,2020-08-30 15:42:41
624,Kitimat,CA,54.05,-128.65,50.0,93,90,6.93,overcast clouds,2020-08-30 15:42:41
625,Elko,US,41.0,-115.5,66.99,35,1,5.82,clear sky,2020-08-30 15:35:47
626,Sydney,AU,-33.87,151.21,63.0,55,1,10.29,clear sky,2020-08-30 15:40:15
627,Nguruka,TZ,-5.11,31.04,83.21,22,0,4.63,clear sky,2020-08-30 15:42:42
628,Rockhampton,AU,-23.38,150.5,62.6,82,59,5.82,broken clouds,2020-08-30 15:42:42
629,Bilma,NE,18.69,12.92,97.83,31,2,10.76,clear sky,2020-08-30 15:42:42
630,Suntar,RU,62.14,117.63,52.27,79,39,3.4,scattered clouds,2020-08-30 15:42:42
631,Alyangula,AU,-13.85,136.42,78.8,65,90,4.7,overcast clouds,2020-08-30 15:42:43
632,Lhokseumawe,ID,5.18,97.15,80.17,80,100,3.42,overcast clouds,2020-08-30 15:42:43
633,Guerrero Negro,MX,27.98,-114.06,75.56,68,1,6.96,clear sky,2020-08-30 15:42:43
634,Madingou,CG,-4.15,13.55,88.97,42,84,5.53,broken clouds,2020-08-30 15:42:43
635,Imbituba,BR,-28.24,-48.67,75.2,64,98,18.34,overcast clouds,2020-08-30 15:42:44
636,Padang,ID,-0.95,100.35,78.67,81,100,4.54,overcast clouds,2020-08-30 15:42:44
637,Ambilobe,MG,-13.2,49.05,73.31,78,38,0.25,scattered clouds,2020-08-30 15:35:58
638,Supaul,IN,26.12,86.6,87.62,64,93,5.46,overcast clouds,2020-08-30 15:42:44
639,Finnsnes,NO,69.23,17.98,51.8,50,20,13.87,few clouds,2020-08-30 15:39:36
640,Sangmelima,CM,2.93,11.98,75.02,93,22,2.21,moderate rain,2020-08-30 15:42:45
641,Hun,LY,29.13,15.95,101.89,9,0,11.03,clear sky,2020-08-30 15:42:45
642,Kempele,FI,64.91,25.5,61.0,76,98,4.7,overcast clouds,2020-08-30 15:42:45
643,Mount Holly,US,35.3,-81.02,88.0,51,40,5.82,scattered clouds,2020-08-30 15:42:46
644,Karhal,IN,27.0,78.94,83.05,75,13,9.66,few clouds,2020-08-30 15:42:46
645,Skibbereen,IE,51.55,-9.27,59.0,58,40,4.7,scattered clouds,2020-08-30 15:42:46
646,Itarema,BR,-2.92,-39.92,88.38,52,51,22.68,broken clouds,2020-08-30 15:36:02
647,Camacha,PT,33.08,-16.33,77.0,50,20,17.22,few clouds,2020-08-30 15:42:47
648,Talara,PE,-4.58,-81.27,68.23,72,87,16.35,overcast clouds,2020-08-30 15:42:47
649,Ciudad Bolivar,VE,8.12,-63.55,87.64,63,96,7.29,overcast clouds,2020-08-30 15:42:47
650,La Ronge,CA,55.1,-105.28,50.0,76,75,12.75,broken clouds,2020-08-30 15:42:48
651,Saint-Louis,SN,16.33,-15.0,98.6,53,23,2.24,few clouds,2020-08-30 15:36:25
652,San Luis,AR,-33.3,-66.34,59.27,32,0,6.49,clear sky,2020-08-30 15:42:48
653,Adwa,ET,14.16,38.9,63.18,83,73,1.97,light rain,2020-08-30 15:42:48
654,Bulgan,MN,48.81,103.53,49.51,86,76,6.85,broken clouds,2020-08-30 15:42:49
655,Chipinge,ZW,-20.19,32.62,75.6,36,36,7.45,scattered clouds,2020-08-30 15:42:49
656,Beloha,MG,-25.17,45.05,77.65,50,45,5.01,scattered clouds,2020-08-30 15:42:50
657,Hearst,CA,49.68,-83.67,55.85,56,81,4.03,broken clouds,2020-08-30 15:39:30
658,Kobe,JP,34.69,135.18,82.4,83,0,4.7,clear sky,2020-08-30 15:42:50
659,Amga,RU,60.9,131.96,53.83,75,100,3.56,overcast clouds,2020-08-30 15:42:51
660,Panguna,PG,-6.32,155.48,68.85,96,45,2.35,scattered clouds,2020-08-30 15:42:51
661,Isiro,CD,2.77,27.62,75.16,76,46,2.15,light rain,2020-08-30 15:42:51
662,Sayyan,YE,15.17,44.32,68.77,44,82,13.87,broken clouds,2020-08-30 15:42:52
663,Prescott Valley,US,34.59,-112.33,73.99,73,1,5.82,clear sky,2020-08-30 15:42:52
664,San Felipe,VE,10.34,-68.74,85.14,60,89,6.24,overcast clouds,2020-08-30 15:42:52
665,Klyuchi,RU,52.27,79.17,65.05,61,2,7.16,clear sky,2020-08-30 15:42:53
666,Chivay,PE,-15.64,-71.6,61.81,26,3,11.92,clear sky,2020-08-30 15:42:53
667,Mezen,RU,65.85,44.24,49.5,98,97,3.31,overcast clouds,2020-08-30 15:42:53
668,Huallanca,PE,-9.9,-76.94,58.59,32,28,8.43,scattered clouds,2020-08-30 15:42:54
669,Lodwar,KE,3.12,35.6,92.61,27,2,7.9,clear sky,2020-08-30 15:42:54
670,Nirgua,VE,10.16,-68.57,77.65,72,88,5.14,overcast clouds,2020-08-30 15:42:55
671,Jaciara,BR,-15.97,-54.97,103.91,11,0,5.41,clear sky,2020-08-30 15:42:55
672,Coihaique,CL,-45.58,-72.07,50.0,80,20,8.05,few clouds,2020-08-30 15:42:55
673,Bestwig,DE,51.37,8.4,73.99,52,100,3.36,overcast clouds,2020-08-30 15:42:56
674,Vila Franca Do Campo,PT,37.72,-25.43,78.8,78,40,12.75,scattered clouds,2020-08-30 15:34:08
675,Ucluelet,CA,48.93,-125.55,54.0,100,20,3.24,few clouds,2020-08-30 15:38:31
676,Rongcheng,CN,30.63,117.85,78.19,88,20,1.1,few clouds,2020-08-30 15:42:57
677,Mwinilunga,ZM,-11.74,24.43,78.89,39,55,4.92,broken clouds,2020-08-30 15:42:57
678,Tirano,IT,46.22,10.17,64.99,81,75,5.82,broken clouds,2020-08-30 15:42:57
679,Yar-Sale,RU,66.83,70.83,39.79,87,23,7.47,few clouds,2020-08-30 15:35:50
680,Tianpeng,CN,30.99,103.94,73.0,99,100,3.0,moderate rain,2020-08-30 15:40:14
681,Athabasca,CA,54.72,-113.29,47.37,59,94,21.77,overcast clouds,2020-08-30 15:36:13
682,Manzil Salim,TN,35.86,8.48,96.8,8,40,9.17,scattered clouds,2020-08-30 15:42:59
683,Teluknaga,ID,-6.1,106.64,82.99,78,20,4.7,few clouds,2020-08-30 15:42:59
684,Henties Bay,NA,-22.12,14.28,61.0,72,0,14.9,clear sky,2020-08-30 15:43:00
685,Masyaf,SY,35.07,36.34,89.6,52,0,9.17,clear sky,2020-08-30 15:43:00
686,Kununurra,AU,-15.77,128.73,68.0,21,0,4.7,clear sky,2020-08-30 15:39:56
687,Montepuez,MZ,-13.13,39.0,81.63,31,0,9.24,clear sky,2020-08-30 15:43:01
688,Mopti,ML,14.67,-4.0,86.0,74,75,6.93,broken clouds,2020-08-30 15:43:02
689,Eyl,SO,7.98,49.82,78.85,72,94,24.4,overcast clouds,2020-08-30 15:43:02
690,Salcininkai,LT,54.3,25.38,59.0,100,75,8.05,broken clouds,2020-08-30 15:43:03
691,Ilhabela,BR,-23.78,-45.36,86.79,43,0,1.5,clear sky,2020-08-30 15:43:03
692,Port-Cartier,CA,50.03,-66.87,50.0,100,90,9.17,light rain,2020-08-30 15:43:04
693,Serebryansk,KZ,49.69,83.29,60.8,67,0,4.47,clear sky,2020-08-30 15:43:04
694,Erenhot,CN,43.65,111.98,65.19,67,68,12.5,broken clouds,2020-08-30 15:35:58
695,Kerman,IR,30.28,57.08,77.0,13,0,16.11,clear sky,2020-08-30 15:43:05
696,Benito Juarez,MX,19.39,-99.17,66.2,63,75,6.93,broken clouds,2020-08-30 15:43:05
697,Nanchong,CN,30.8,106.08,70.2,76,98,13.73,overcast clouds,2020-08-30 15:43:05
698,Raga,SS,8.46,25.68,73.72,93,100,2.8,light rain,2020-08-30 15:43:06
699,Kumbo,CM,6.2,10.67,65.23,94,97,0.94,moderate rain,2020-08-30 15:43:06
700,Borogontsy,RU,62.67,131.17,50.63,96,100,0.09,overcast clouds,2020-08-30 15:43:07
701,Hualmay,PE,-11.1,-77.61,64.56,70,93,8.19,overcast clouds,2020-08-30 15:43:07
702,Belaya Gora,RU,68.53,146.42,41.41,74,89,8.39,overcast clouds,2020-08-30 15:43:07
703,Ordu,TR,40.91,37.68,77.0,83,75,6.93,broken clouds,2020-08-30 15:43:08
704,Masvingo,ZW,-20.06,30.83,74.39,50,0,11.21,clear sky,2020-08-30 15:43:08
705,Laurel,US,39.1,-76.85,79.0,44,1,10.29,clear sky,2020-08-30 15:43:09
